MultiClassConvolutionalTsetlinMachine2D,3D,Epoch1,Epoch2,Epoch3,Epoch4,Epoch5,Epoch6,Epoch7,Epoch8,Epoch9,Epoch10,Epoch11,Epoch12,Epoch13,Epoch14,Epoch15,Epoch16,Epoch17,Epoch18,Epoch19,Epoch20,Epoch21,Epoch22,Epoch23,Epoch24,Epoch25,Epoch26,Epoch27,Epoch28,Epoch29,Epoch30,Epoch31,Epoch32,Epoch33,Epoch34,Epoch35,Epoch36,Epoch37,Epoch38,Epoch39,Epoch40,Epoch41,Epoch42,Epoch43,Epoch44,Epoch45,Epoch46,Epoch47,Epoch48,Epoch49,Epoch50,Epoch51,Epoch52,Epoch53,Epoch54,Epoch55,Epoch56,Epoch57,Epoch58,Epoch59,Epoch60,Epoch61,Epoch62,Epoch63,Epoch64,Epoch65,Epoch66,Epoch67,Epoch68,Epoch69,Epoch70,Epoch71,Epoch72,Epoch73,Epoch74,Epoch75,Epoch76,Epoch77,Epoch78,Epoch79,Epoch80,Epoch81,Epoch82,Epoch83,Epoch84,Epoch85,Epoch86,Epoch87,Epoch88,Epoch89,Epoch90,Epoch91,Epoch92,Epoch93,Epoch94,Epoch95,Epoch96,Epoch97,Epoch98,Epoch99,Epoch100,Epoch101,Epoch102,Epoch103,Epoch104,Epoch105,Epoch106,Epoch107,Epoch108,Epoch109,Epoch110,Epoch111,Epoch112,Epoch113,Epoch114,Epoch115,Epoch116,Epoch117,Epoch118,Epoch119,Epoch120,Epoch121,Epoch122,Epoch123,Epoch124,Epoch125,Epoch126,Epoch127,Epoch128,Epoch129,Epoch130,Epoch131,Epoch132,Epoch133,Epoch134,Epoch135,Epoch136,Epoch137,Epoch138,Epoch139,Epoch140,Epoch141,Epoch142,Epoch143,Epoch144,Epoch145,Epoch146,Epoch147,Epoch148,Epoch149,Epoch150,Epoch151,Epoch152,Epoch153,Epoch154,Epoch155,Epoch156,Epoch157,Epoch158,Epoch159,Epoch160,Epoch161,Epoch162,Epoch163,Epoch164,Epoch165,Epoch166,Epoch167,Epoch168,Epoch169,Epoch170,Epoch171,Epoch172,Epoch173,Epoch174,Epoch175,Epoch176,Epoch177,Epoch178,Epoch179,Epoch180,Epoch181,Epoch182,Epoch183,Epoch184,Epoch185,Epoch186,Epoch187,Epoch188,Epoch189,Epoch190,Epoch191,Epoch192,Epoch193,Epoch194,Epoch195,Epoch196,Epoch197,Epoch198,Epoch199,Epoch200,Epoch201,Epoch202,Epoch203,Epoch204,Epoch205,Epoch206,Epoch207,Epoch208,Epoch209,Epoch210,Epoch211,Epoch212,Epoch213,Epoch214,Epoch215,Epoch216,Epoch217,Epoch218,Epoch219,Epoch220,Epoch221,Epoch222,Epoch223,Epoch224,Epoch225,Epoch226,Epoch227,Epoch228,Epoch229,Epoch230,Epoch231,Epoch232,Epoch233,Epoch234,Epoch235,Epoch236,Epoch237,Epoch238,Epoch239,Epoch240,Epoch241,Epoch242,Epoch243,Epoch244,Epoch245,Epoch246,Epoch247,Epoch248,Epoch249,Epoch250,Epoch251,Epoch252,Epoch253,Epoch254,Epoch255,Epoch256,Epoch257,Epoch258,Epoch259,Epoch260,Epoch261,Epoch262,Epoch263,Epoch264,Epoch265,Epoch266,Epoch267,Epoch268,Epoch269,Epoch270,Epoch271,Epoch272,Epoch273,Epoch274,Epoch275,Epoch276,Epoch277,Epoch278,Epoch279,Epoch280,Epoch281,Epoch282,Epoch283,Epoch284,Epoch285,Epoch286,Epoch287,Epoch288,Epoch289,Epoch290,Epoch291,Epoch292,Epoch293,Epoch294,Epoch295,Epoch296,Epoch297,Epoch298,Epoch299,Epoch300,Epoch301,Epoch302,Epoch303,Epoch304,Epoch305,Epoch306,Epoch307,Epoch308,Epoch309,Epoch310,Epoch311,Epoch312,Epoch313,Epoch314,Epoch315,Epoch316,Epoch317,Epoch318,Epoch319,Epoch320,Epoch321,Epoch322,Epoch323,Epoch324,Epoch325,Epoch326,Epoch327,Epoch328,Epoch329,Epoch330,Epoch331,Epoch332,Epoch333,Epoch334,Epoch335,Epoch336,Epoch337,Epoch338,Epoch339,Epoch340,Epoch341,Epoch342,Epoch343,Epoch344,Epoch345,Epoch346,Epoch347,Epoch348,Epoch349,Epoch350,Epoch351,Epoch352,Epoch353,Epoch354,Epoch355,Epoch356,Epoch357,Epoch358,Epoch359,Epoch360,Epoch361,Epoch362,Epoch363,Epoch364,Epoch365,Epoch366,Epoch367,Epoch368,Epoch369,Epoch370,Epoch371,Epoch372,Epoch373,Epoch374,Epoch375,Epoch376,Epoch377,Epoch378,Epoch379,Epoch380,Epoch381,Epoch382,Epoch383,Epoch384,Epoch385,Epoch386,Epoch387,Epoch388,Epoch389,Epoch390,Epoch391,Epoch392,Epoch393,Epoch394,Epoch395,Epoch396,Epoch397,Epoch398,Epoch399,Epoch400,Epoch401,Epoch402,Epoch403,Epoch404,Epoch405,Epoch406,Epoch407,Epoch408,Epoch409,Epoch410,Epoch411,Epoch412,Epoch413,Epoch414,Epoch415,Epoch416,Epoch417,Epoch418,Epoch419,Epoch420,Epoch421,Epoch422,Epoch423,Epoch424,Epoch425,Epoch426,Epoch427,Epoch428,Epoch429,Epoch430,Epoch431,Epoch432,Epoch433,Epoch434,Epoch435,Epoch436,Epoch437,Epoch438,Epoch439,Epoch440,Epoch441,Epoch442,Epoch443,Epoch444,Epoch445,Epoch446,Epoch447,Epoch448,Epoch449,Epoch450,Epoch451,Epoch452,Epoch453,Epoch454,Epoch455,Epoch456,Epoch457,Epoch458,Epoch459,Epoch460,Epoch461,Epoch462,Epoch463,Epoch464,Epoch465,Epoch466,Epoch467,Epoch468,Epoch469,Epoch470,Epoch471,Epoch472,Epoch473,Epoch474,Epoch475,Epoch476,Epoch477,Epoch478,Epoch479,Epoch480,Epoch481,Epoch482,Epoch483,Epoch484,Epoch485,Epoch486,Epoch487,Epoch488,Epoch489,Epoch490,Epoch491,Epoch492,Epoch493,Epoch494,Epoch495,Epoch496,Epoch497,Epoch498,Epoch499,Epoch500,
Settings:
Clauses:,500.0
Threshold:,4500.0
S:,27.0
Window_X:,4.0
Window_Y:,4.0
Shape_X:,7.0
Shape_Y:,6.0
Shape_Z:,2.0
nodraw0,,79.4339,80.9064,82.1008,82.8861,83.5209,84.0805,84.5316,84.9620,85.2421,85.5039,85.7672,85.9784,86.1886,86.3489,86.5271,86.6789,86.8253,86.9610,87.0729,87.2186,87.3247,87.4204,87.5228,87.6186,87.7009,87.7825,87.8569,87.9301,87.9931,88.0612,88.1323,88.1672,88.2154,88.2714,88.3031,88.3508,88.3928,88.4223,88.4557,88.4972,88.5340,88.5654,88.5886,88.6152,88.6431,88.6737,88.6773,88.7070,88.7154,88.7418,88.7688,88.7803,88.7990,88.8259,88.8369,88.8492,88.8606,88.8766,88.8943,88.8953,88.9020,88.9047,88.9115,88.9183,88.9224,88.9326,88.9378,88.9460,88.9481,88.9629,88.9792,88.9875,88.9947,89.0024,89.0068,89.0179,89.0205,89.0182,89.0251,89.0283,89.0329,89.0208,89.0190,89.0233,89.0201,89.0248,89.0342,89.0435,89.0466,89.0467,89.0558,89.0614,89.0599,89.0618,89.0590,89.0536,89.0572,89.0557,89.0545,89.0509,89.0483,89.0460,89.0443,89.0372,89.0331,89.0321,89.0288,89.0224,89.0216,89.0214,89.0201,89.0152,89.0148,89.0153,89.0178,89.0179,89.0147,89.0137,89.0140,89.0119,89.0070,89.0052,89.0050,89.0051,89.0089,89.0104,89.0123,89.0118,89.0158,89.0125,89.0125,89.0158,89.0186,89.0211,89.0176,89.0173,89.0208,89.0182,89.0184,89.0191,89.0206,89.0230,89.0201,89.0184,89.0193,89.0194,89.0188,89.0182,89.0162,89.0156,89.0169,89.0189,89.0159,89.0141,89.0127,89.0116,89.0022,88.9964,89.0021,89.0026,89.0014,89.0016,88.9984,88.9963,88.9985,88.9979,88.9977,88.9962,88.9921,88.9935,88.9903,88.9895,88.9837,88.9822,88.9835,88.9814,88.9824,88.9841,88.9857,88.9842,88.9815,88.9811,88.9818,88.9819,88.9831,88.9826,88.9837,88.9854,88.9849,88.9847,88.9830,88.9808,88.9759,88.9738,88.9745,88.9709,88.9711,88.9704,88.9722,88.9716,88.9692,88.9694,88.9698,88.9682,88.9692,88.9677,88.9590,88.9581,88.9576,88.9587,88.9568,88.9576,88.9589,88.9600,88.9562,88.9612,88.9592,88.9586,88.9575,88.9540,88.9523,88.9519,88.9487,88.9474,88.9463,88.9461,88.9432,88.9446,88.9428,88.9424,88.9429,88.9413,88.9422,88.9427,88.9393,88.9404,88.9396,88.9399,88.9416,88.9408,88.9420,88.9428,88.9440,88.9462,88.9477,88.9471,88.9482,88.9480,88.9485,88.9484,88.9468,88.9460,88.9490,88.9486,88.9494,88.9508,88.9509,88.9490,88.9495,88.9499,88.9450,88.9455,88.9452,88.9465,88.9492,88.9514,88.9493,88.9507,88.9498,88.9506,88.9516,88.9522,88.9534,88.9536,88.9546,88.9534,88.9525,88.9529,88.9529,88.9520,88.9469,88.9473,88.9499,88.9481,88.9504,88.9507,88.9497,88.9477,88.9470,88.9480,88.9503,88.9515,88.9514,88.9521,88.9536,88.9542,88.9527,88.9527,88.9551,88.9546,88.9548,88.9544,88.9535,88.9550,88.9549,88.9553,88.9545,88.9552,88.9533,88.9532,88.9525,88.9517,88.9503,88.9513,88.9488,88.9491,88.9473,88.9470,88.9463,88.9449,88.9432,88.9437,88.9443,88.9426,88.9416,88.9426,88.9406,88.9401,88.9372,88.9347,88.9330,88.9325,88.9302,88.9303,88.9281,88.9276,88.9254,88.9234,88.9229,88.9214,88.9183,88.9183,88.9176,88.9153,88.9140,88.9150,88.9156,88.9153,88.9118,88.9102,88.9094,88.9090,88.9079,88.9075,88.9085,88.9069,88.9074,88.9068,88.9084,88.9072,88.9072,88.9087,88.9081,88.9063,88.9053,88.9043,88.9033,88.9038,88.9046,88.9040,88.9046,88.9031,88.9042,88.9033,88.9037,88.9019,88.9016,88.9022,88.9030,88.9028,88.9003,88.8997,88.9001,88.8969,88.8948,88.8952,88.8954,88.8945,88.8942,88.8918,88.8891,88.8900,88.8895,88.8898,88.8892,88.8905,88.8894,88.8899,88.8896,88.8894,88.8897,88.8882,88.8873,88.8843,88.8837,88.8827,88.8810,88.8808,88.8796,88.8797,88.8792,88.8800,88.8796,88.8786,88.8782,88.8785,88.8791,88.8799,88.8794,88.8795,88.8793,88.8769,88.8779,88.8789,88.8788,88.8773,88.8782,88.8787,88.8779,88.8775,88.8766,88.8773,88.8783,88.8790,88.8788,88.8801,88.8789,88.8791,88.8782,88.8785,88.8779,88.8783,88.8772,88.8766,88.8759,88.8771,88.8785,88.8784,88.8772,88.8779,88.8789,88.8797,88.8807,88.8805,88.8793,88.8788,88.8781,88.8766,88.8779,88.8772,88.8752,88.8759,88.8753,88.8745,88.8745,88.8753,88.8734,88.8735,88.8723,88.8715,88.8709,88.8712,88.8702,88.8715,88.8730,88.8721,88.8720,88.8728,88.8734,88.8728,88.8729,88.8734,88.8734,88.8728,88.8729,88.8733,88.8734,88.8735,88.8732,88.8732,88.8739,88.8748,88.8732,88.8737,88.8737,88.8739,88.8751,88.8748,88.8738,88.8749
nodraw1,,79.3030,80.7837,81.8226,82.8043,83.4424,83.9769,84.4077,84.7759,85.1131,85.3927,85.6527,85.8993,86.1231,86.3500,86.5281,86.6635,86.8340,86.9737,87.1211,87.2505,87.3551,87.4703,87.5847,87.6718,87.7487,87.8228,87.8787,87.9190,87.9818,88.0366,88.0890,88.1366,88.1668,88.2031,88.2316,88.2785,88.3172,88.3491,88.3911,88.4130,88.4386,88.4789,88.5015,88.5107,88.5282,88.5624,88.5826,88.6013,88.6263,88.6551,88.6754,88.6991,88.7212,88.7365,88.7545,88.7727,88.7842,88.7934,88.7801,88.7874,88.7888,88.7962,88.7967,88.8056,88.8066,88.7891,88.7872,88.7834,88.7892,88.7876,88.7856,88.7864,88.7813,88.7755,88.7633,88.7646,88.7664,88.7613,88.7619,88.7621,88.7576,88.7628,88.7655,88.7635,88.7656,88.7731,88.7638,88.7654,88.7710,88.7725,88.7787,88.7764,88.7786,88.7804,88.7798,88.7760,88.7762,88.7778,88.7773,88.7688,88.7656,88.7667,88.7590,88.7488,88.7497,88.7448,88.7480,88.7554,88.7552,88.7618,88.7648,88.7679,88.7669,88.7654,88.7672,88.7684,88.7675,88.7666,88.7645,88.7676,88.7650,88.7652,88.7639,88.7659,88.7673,88.7720,88.7691,88.7693,88.7689,88.7691,88.7669,88.7661,88.7618,88.7626,88.7620,88.7626,88.7641,88.7625,88.7649,88.7636,88.7591,88.7613,88.7584,88.7560,88.7568,88.7543,88.7566,88.7544,88.7560,88.7535,88.7528,88.7552,88.7552,88.7547,88.7536,88.7532,88.7512,88.7516,88.7491,88.7515,88.7465,88.7472,88.7482,88.7482,88.7483,88.7463,88.7477,88.7484,88.7435,88.7398,88.7402,88.7323,88.7292,88.7330,88.7369,88.7388,88.7407,88.7431,88.7411,88.7449,88.7461,88.7470,88.7479,88.7511,88.7505,88.7507,88.7437,88.7458,88.7449,88.7447,88.7453,88.7458,88.7491,88.7489,88.7497,88.7505,88.7485,88.7449,88.7441,88.7428,88.7371,88.7353,88.7330,88.7321,88.7311,88.7305,88.7294,88.7268,88.7233,88.7205,88.7222,88.7208,88.7201,88.7212,88.7208,88.7200,88.7201,88.7209,88.7156,88.7164,88.7185,88.7157,88.7146,88.7144,88.7128,88.7112,88.7095,88.7102,88.7090,88.7056,88.7051,88.6999,88.6991,88.6969,88.6955,88.6944,88.6909,88.6902,88.6872,88.6855,88.6860,88.6839,88.6860,88.6851,88.6858,88.6823,88.6811,88.6823,88.6808,88.6830,88.6858,88.6876,88.6874,88.6891,88.6894,88.6919,88.6927,88.6953,88.6944,88.6956,88.6945,88.6964,88.6960,88.6951,88.6933,88.6923,88.6922,88.6927,88.6921,88.6917,88.6925,88.6908,88.6904,88.6903,88.6903,88.6884,88.6894,88.6924,88.6875,88.6881,88.6877,88.6896,88.6898,88.6896,88.6893,88.6887,88.6869,88.6865,88.6869,88.6845,88.6859,88.6869,88.6871,88.6886,88.6864,88.6869,88.6868,88.6876,88.6886,88.6903,88.6913,88.6919,88.6921,88.6941,88.6945,88.6948,88.6940,88.6938,88.6932,88.6928,88.6947,88.6958,88.6929,88.6951,88.6966,88.6961,88.6967,88.6977,88.6983,88.7003,88.7009,88.7009,88.7016,88.7020,88.7030,88.7027,88.7009,88.7022,88.7018,88.7019,88.7015,88.7018,88.7032,88.7034,88.7032,88.7012,88.7019,88.7011,88.7031,88.7030,88.7033,88.7023,88.7039,88.7029,88.7013,88.7018,88.7033,88.7023,88.6999,88.6989,88.6968,88.6967,88.6935,88.6916,88.6909,88.6914,88.6905,88.6892,88.6894,88.6889,88.6903,88.6903,88.6896,88.6904,88.6920,88.6921,88.6941,88.6952,88.6948,88.6969,88.6974,88.6991,88.7012,88.7020,88.7025,88.7039,88.7047,88.7052,88.7066,88.7060,88.7073,88.7077,88.7088,88.7098,88.7112,88.7116,88.7120,88.7124,88.7126,88.7109,88.7111,88.7115,88.7118,88.7119,88.7131,88.7124,88.7133,88.7146,88.7154,88.7170,88.7177,88.7170,88.7169,88.7166,88.7166,88.7172,88.7166,88.7166,88.7172,88.7165,88.7171,88.7174,88.7176,88.7190,88.7178,88.7180,88.7177,88.7184,88.7186,88.7196,88.7185,88.7171,88.7187,88.7174,88.7171,88.7168,88.7158,88.7139,88.7142,88.7142,88.7142,88.7141,88.7146,88.7139,88.7134,88.7145,88.7139,88.7134,88.7138,88.7147,88.7147,88.7147,88.7148,88.7140,88.7134,88.7136,88.7143,88.7136,88.7131,88.7100,88.7100,88.7109,88.7108,88.7099,88.7102,88.7108,88.7107,88.7106,88.7094,88.7092,88.7097,88.7106,88.7107,88.7110,88.7125,88.7103,88.7115,88.7111,88.7115,88.7126,88.7125,88.7118,88.7120,88.7126,88.7107,88.7104,88.7103,88.7100,88.7101,88.7091,88.7095,88.7100,88.7071,88.7078,88.7081,88.7056,88.7044,88.7035,88.7030,88.7025,88.7013,88.6996,88.6994,88.6990,88.6992,88.6976,88.6970,88.6936,88.6930,88.6927
nodraw2,,78.2068,80.2520,81.5063,82.4935,83.2559,83.7369,84.1950,84.6122,84.9767,85.2830,85.5604,85.7834,85.9985,86.1724,86.3645,86.5173,86.6954,86.8483,86.9549,87.0983,87.2141,87.3081,87.3983,87.4993,87.5851,87.6605,87.7315,87.7933,87.8481,87.9134,87.9850,88.0307,88.0875,88.1419,88.1872,88.2358,88.2761,88.3232,88.3571,88.4027,88.4394,88.4731,88.5091,88.5408,88.5686,88.5852,88.6140,88.6279,88.6399,88.6554,88.6661,88.6714,88.6928,88.7107,88.7208,88.7303,88.7432,88.7612,88.7615,88.7677,88.7646,88.7749,88.7832,88.7844,88.7938,88.7987,88.7972,88.7995,88.7897,88.7883,88.7955,88.7969,88.7966,88.7788,88.7762,88.7676,88.7636,88.7663,88.7733,88.7754,88.7810,88.7868,88.7931,88.7861,88.7854,88.7754,88.7805,88.7667,88.7666,88.7667,88.7620,88.7657,88.7510,88.7542,88.7517,88.7498,88.7482,88.7491,88.7444,88.7359,88.7378,88.7354,88.7352,88.7379,88.7389,88.7394,88.7425,88.7409,88.7384,88.7399,88.7401,88.7433,88.7432,88.7446,88.7426,88.7426,88.7416,88.7465,88.7443,88.7417,88.7459,88.7456,88.7458,88.7478,88.7510,88.7446,88.7485,88.7433,88.7424,88.7408,88.7407,88.7391,88.7393,88.7378,88.7393,88.7380,88.7396,88.7408,88.7396,88.7385,88.7267,88.7263,88.7296,88.7298,88.7265,88.7243,88.7242,88.7233,88.7219,88.7229,88.7229,88.7193,88.7163,88.7151,88.7121,88.7080,88.7084,88.7041,88.7055,88.7000,88.7002,88.7009,88.7014,88.7051,88.7049,88.7065,88.7078,88.7077,88.7063,88.7077,88.7112,88.7128,88.7125,88.7111,88.7121,88.7138,88.7155,88.7181,88.7186,88.7170,88.7168,88.7183,88.7160,88.7162,88.7155,88.7164,88.7123,88.7156,88.7139,88.7149,88.7165,88.7161,88.7130,88.7119,88.7094,88.7097,88.7106,88.7106,88.7093,88.7102,88.7103,88.7088,88.7087,88.7111,88.7113,88.7145,88.7116,88.7103,88.7069,88.7054,88.6993,88.6995,88.7010,88.7014,88.7012,88.7021,88.7042,88.7056,88.7055,88.7074,88.7072,88.7084,88.7088,88.7091,88.7096,88.7108,88.7074,88.7102,88.7089,88.7096,88.7089,88.7095,88.7087,88.7084,88.7023,88.7034,88.7031,88.7045,88.7056,88.7062,88.7029,88.7030,88.7027,88.7011,88.7005,88.6992,88.6975,88.6949,88.6940,88.6930,88.6931,88.6914,88.6913,88.6937,88.6942,88.6957,88.6958,88.6968,88.6951,88.6942,88.6960,88.6963,88.6964,88.6958,88.6955,88.6962,88.6976,88.6965,88.6963,88.6944,88.6924,88.6918,88.6921,88.6910,88.6927,88.6898,88.6881,88.6868,88.6872,88.6846,88.6848,88.6843,88.6806,88.6807,88.6805,88.6782,88.6776,88.6776,88.6782,88.6753,88.6728,88.6713,88.6735,88.6739,88.6739,88.6745,88.6735,88.6765,88.6765,88.6773,88.6750,88.6750,88.6765,88.6764,88.6772,88.6782,88.6773,88.6764,88.6761,88.6760,88.6777,88.6772,88.6758,88.6776,88.6772,88.6687,88.6699,88.6683,88.6691,88.6701,88.6705,88.6719,88.6723,88.6725,88.6725,88.6716,88.6703,88.6701,88.6714,88.6706,88.6722,88.6719,88.6707,88.6705,88.6699,88.6691,88.6645,88.6620,88.6579,88.6597,88.6604,88.6612,88.6606,88.6605,88.6605,88.6603,88.6619,88.6629,88.6634,88.6645,88.6644,88.6640,88.6640,88.6654,88.6650,88.6659,88.6641,88.6644,88.6655,88.6662,88.6654,88.6654,88.6678,88.6681,88.6686,88.6681,88.6674,88.6681,88.6670,88.6680,88.6653,88.6656,88.6649,88.6608,88.6603,88.6587,88.6583,88.6578,88.6565,88.6546,88.6527,88.6531,88.6492,88.6483,88.6483,88.6492,88.6480,88.6484,88.6495,88.6491,88.6490,88.6500,88.6525,88.6525,88.6532,88.6531,88.6544,88.6538,88.6532,88.6536,88.6535,88.6535,88.6529,88.6524,88.6533,88.6544,88.6554,88.6572,88.6587,88.6582,88.6588,88.6603,88.6602,88.6610,88.6602,88.6601,88.6598,88.6604,88.6606,88.6608,88.6609,88.6617,88.6579,88.6572,88.6564,88.6574,88.6573,88.6565,88.6563,88.6545,88.6539,88.6531,88.6525,88.6514,88.6522,88.6510,88.6514,88.6529,88.6533,88.6539,88.6542,88.6537,88.6551,88.6560,88.6570,88.6535,88.6531,88.6527,88.6521,88.6514,88.6526,88.6525,88.6543,88.6550,88.6560,88.6539,88.6555,88.6567,88.6585,88.6595,88.6607,88.6622,88.6622,88.6619,88.6632,88.6638,88.6638,88.6635,88.6641,88.6653,88.6669,88.6664,88.6664,88.6676,88.6677,88.6681,88.6692,88.6698,88.6700,88.6712,88.6723,88.6729,88.6733,88.6743,88.6744,88.6743,88.6755,88.6769,88.6762,88.6764,88.6762,88.6769,88.6748,88.6747,88.6749,88.6750,88.6756,88.6738,88.6736,88.6727
nodraw3,,79.7087,81.3206,82.3542,83.2597,83.8423,84.3452,84.7652,85.1252,85.4906,85.7617,86.0267,86.2502,86.4494,86.6482,86.8052,86.9743,87.1312,87.2634,87.3748,87.4865,87.6063,87.7129,87.8131,87.9125,87.9993,88.0738,88.1489,88.2244,88.2823,88.3511,88.4138,88.4588,88.5105,88.5592,88.6116,88.6466,88.6934,88.7403,88.7865,88.8214,88.8606,88.8936,88.9285,88.9536,88.9820,89.0017,89.0379,89.0617,89.0816,89.0882,89.0946,89.1189,89.1303,89.1371,89.1287,89.1297,89.1415,89.1521,89.1593,89.1744,89.1842,89.1935,89.2047,89.2149,89.2303,89.2251,89.2335,89.2369,89.2304,89.2358,89.2392,89.2318,89.2363,89.2367,89.2310,89.2250,89.2242,89.2269,89.2189,89.2213,89.2247,89.2343,89.2398,89.2399,89.2223,89.2230,89.2235,89.2182,89.2075,89.2062,89.1982,89.1938,89.1873,89.1782,89.1736,89.1729,89.1666,89.1429,89.1301,89.1226,89.1220,89.1199,89.1170,89.1210,89.0817,89.0832,89.0813,89.0736,89.0692,89.0707,89.0674,89.0721,89.0679,89.0632,89.0635,89.0647,89.0623,89.0633,89.0693,89.0724,89.0765,89.0701,89.0697,89.0715,89.0689,89.0647,89.0677,89.0665,89.0665,89.0656,89.0620,89.0550,89.0562,89.0500,89.0442,89.0409,89.0411,89.0321,89.0231,89.0242,89.0214,89.0200,89.0213,89.0216,89.0175,89.0196,89.0192,89.0107,89.0106,89.0081,89.0099,89.0096,89.0111,89.0096,89.0102,89.0116,89.0138,89.0121,89.0142,89.0163,89.0149,89.0137,89.0132,89.0114,89.0093,89.0094,89.0087,89.0119,89.0130,89.0148,89.0166,89.0182,89.0168,89.0180,89.0209,89.0224,89.0250,89.0271,89.0275,89.0266,89.0245,89.0238,89.0245,89.0255,89.0296,89.0323,89.0337,89.0366,89.0380,89.0386,89.0368,89.0350,89.0355,89.0346,89.0332,89.0320,89.0284,89.0263,89.0233,89.0218,89.0202,89.0179,89.0141,89.0126,89.0091,89.0078,89.0058,89.0056,89.0030,89.0010,88.9999,88.9966,88.9954,88.9927,88.9926,88.9959,88.9957,88.9962,88.9957,88.9958,88.9962,88.9956,88.9875,88.9882,88.9833,88.9814,88.9818,88.9824,88.9763,88.9691,88.9696,88.9698,88.9694,88.9690,88.9635,88.9587,88.9614,88.9607,88.9609,88.9625,88.9607,88.9589,88.9583,88.9587,88.9565,88.9537,88.9535,88.9535,88.9537,88.9540,88.9569,88.9581,88.9552,88.9569,88.9581,88.9578,88.9585,88.9585,88.9594,88.9616,88.9628,88.9600,88.9609,88.9583,88.9598,88.9596,88.9605,88.9613,88.9616,88.9614,88.9612,88.9586,88.9585,88.9589,88.9582,88.9593,88.9604,88.9593,88.9604,88.9621,88.9644,88.9646,88.9654,88.9671,88.9684,88.9688,88.9676,88.9691,88.9637,88.9625,88.9627,88.9591,88.9605,88.9592,88.9564,88.9556,88.9566,88.9544,88.9540,88.9531,88.9535,88.9542,88.9543,88.9554,88.9547,88.9554,88.9561,88.9563,88.9565,88.9551,88.9541,88.9542,88.9546,88.9549,88.9554,88.9552,88.9538,88.9519,88.9535,88.9540,88.9549,88.9556,88.9527,88.9528,88.9534,88.9503,88.9505,88.9509,88.9490,88.9497,88.9499,88.9492,88.9480,88.9468,88.9486,88.9494,88.9504,88.9511,88.9513,88.9512,88.9498,88.9514,88.9515,88.9513,88.9526,88.9529,88.9532,88.9523,88.9504,88.9501,88.9496,88.9490,88.9483,88.9479,88.9457,88.9445,88.9442,88.9458,88.9447,88.9450,88.9414,88.9409,88.9402,88.9400,88.9371,88.9360,88.9345,88.9338,88.9239,88.9246,88.9247,88.9247,88.9245,88.9234,88.9223,88.9212,88.9198,88.9165,88.9147,88.9142,88.9127,88.9128,88.9114,88.9123,88.9122,88.9118,88.9111,88.9102,88.9076,88.9051,88.9054,88.9066,88.9079,88.9080,88.9093,88.9098,88.9071,88.9064,88.9073,88.9060,88.9068,88.9080,88.9074,88.9083,88.9084,88.9070,88.9053,88.9061,88.9069,88.9063,88.9065,88.9052,88.9058,88.9059,88.9058,88.9064,88.9072,88.9069,88.9069,88.9066,88.9076,88.9086,88.9094,88.9100,88.9093,88.9098,88.9108,88.9113,88.9114,88.9114,88.9117,88.9113,88.9109,88.9115,88.9120,88.9125,88.9124,88.9127,88.9122,88.9100,88.9088,88.9065,88.9058,88.9042,88.9038,88.9040,88.9046,88.9055,88.9058,88.9035,88.9025,88.9025,88.9012,88.9001,88.8993,88.8986,88.8980,88.8967,88.8963,88.8955,88.8947,88.8958,88.8955,88.8960,88.8952,88.8963,88.8947,88.8944,88.8945,88.8948,88.8956,88.8956,88.8960,88.8962,88.8961,88.8952,88.8957,88.8944,88.8953,88.8948,88.8950,88.8955,88.8958,88.8967,88.8966,88.8976,88.8982,88.9004,88.9016,88.9035,88.9043,88.9050,88.9059,88.9058,88.9050,88.9053,88.9053,88.9049,88.9066,88.9070
nodraw4,,79.8724,81.1978,82.1688,82.9774,83.5772,84.1161,84.5992,84.9677,85.3197,85.5588,85.8244,86.0552,86.2681,86.4705,86.6176,86.7943,86.9387,87.0979,87.1982,87.3155,87.4348,87.5314,87.6467,87.7264,87.7879,87.8643,87.9555,88.0111,88.0583,88.1171,88.1805,88.2236,88.2750,88.3267,88.3755,88.4252,88.4634,88.5138,88.5385,88.5747,88.6007,88.6150,88.6263,88.6393,88.6609,88.6730,88.6918,88.7143,88.7273,88.7396,88.7602,88.7784,88.8021,88.8128,88.8071,88.8141,88.8364,88.8514,88.8581,88.8698,88.8851,88.8971,88.9089,88.9175,88.9294,88.9427,88.9456,88.9539,88.9645,88.9768,88.9850,89.0030,89.0084,89.0105,88.9982,88.9884,88.9843,88.9789,88.9898,88.9940,88.9907,88.9909,88.9908,88.9968,89.0061,89.0149,89.0185,89.0204,89.0226,89.0193,89.0214,89.0237,89.0258,89.0248,89.0188,89.0193,89.0159,89.0148,89.0019,89.0015,89.0025,89.0001,88.9971,89.0000,89.0013,89.0037,88.9970,88.9963,89.0027,89.0028,89.0036,89.0059,89.0081,89.0105,89.0032,89.0024,89.0041,89.0059,89.0074,89.0044,89.0083,89.0069,89.0005,88.9996,88.9995,88.9998,88.9975,89.0020,88.9943,88.9949,88.9964,88.9956,88.9932,88.9885,88.9883,88.9862,88.9865,88.9862,88.9771,88.9783,88.9749,88.9708,88.9692,88.9671,88.9620,88.9657,88.9633,88.9643,88.9605,88.9587,88.9522,88.9503,88.9491,88.9471,88.9468,88.9457,88.9481,88.9446,88.9477,88.9459,88.9441,88.9471,88.9455,88.9461,88.9463,88.9487,88.9456,88.9365,88.9373,88.9365,88.9360,88.9335,88.9314,88.9298,88.9308,88.9319,88.9349,88.9339,88.9356,88.9363,88.9377,88.9378,88.9350,88.9343,88.9336,88.9355,88.9314,88.9340,88.9322,88.9339,88.9350,88.9362,88.9382,88.9397,88.9408,88.9433,88.9451,88.9466,88.9508,88.9507,88.9531,88.9509,88.9508,88.9507,88.9494,88.9528,88.9544,88.9539,88.9506,88.9403,88.9403,88.9385,88.9386,88.9371,88.9340,88.9356,88.9354,88.9333,88.9293,88.9222,88.9203,88.9191,88.9209,88.9196,88.9169,88.9124,88.9096,88.9098,88.9088,88.9104,88.9127,88.9139,88.9103,88.9102,88.9101,88.9118,88.9114,88.9119,88.9121,88.9125,88.9138,88.9139,88.9141,88.9158,88.9169,88.9180,88.9161,88.9144,88.9156,88.9157,88.9142,88.9154,88.9146,88.9167,88.9169,88.9161,88.9144,88.9140,88.9145,88.9110,88.9121,88.9109,88.9118,88.9137,88.9135,88.9131,88.9136,88.9138,88.9128,88.9122,88.9136,88.9150,88.9165,88.9183,88.9168,88.9169,88.9181,88.9174,88.9163,88.9152,88.9161,88.9166,88.9153,88.9155,88.9153,88.9156,88.9153,88.9137,88.9148,88.9147,88.9136,88.9125,88.9124,88.9128,88.9111,88.9118,88.9115,88.9120,88.9107,88.9114,88.9105,88.9096,88.9100,88.9112,88.9088,88.9107,88.9089,88.9110,88.9112,88.9113,88.9123,88.9125,88.9112,88.9124,88.9125,88.9123,88.9144,88.9169,88.9169,88.9184,88.9170,88.9166,88.9184,88.9197,88.9224,88.9242,88.9237,88.9262,88.9230,88.9226,88.9243,88.9257,88.9251,88.9260,88.9254,88.9264,88.9263,88.9280,88.9276,88.9278,88.9294,88.9293,88.9302,88.9308,88.9321,88.9322,88.9326,88.9314,88.9311,88.9301,88.9315,88.9325,88.9326,88.9352,88.9363,88.9366,88.9362,88.9356,88.9351,88.9332,88.9313,88.9322,88.9326,88.9325,88.9330,88.9333,88.9331,88.9335,88.9352,88.9363,88.9368,88.9363,88.9354,88.9360,88.9338,88.9338,88.9347,88.9329,88.9327,88.9332,88.9330,88.9326,88.9332,88.9320,88.9331,88.9338,88.9344,88.9340,88.9316,88.9319,88.9322,88.9332,88.9328,88.9332,88.9324,88.9327,88.9327,88.9326,88.9329,88.9300,88.9296,88.9289,88.9302,88.9295,88.9295,88.9292,88.9287,88.9269,88.9264,88.9259,88.9260,88.9248,88.9245,88.9241,88.9227,88.9228,88.9231,88.9233,88.9240,88.9224,88.9223,88.9236,88.9226,88.9218,88.9205,88.9217,88.9215,88.9226,88.9229,88.9229,88.9220,88.9218,88.9211,88.9222,88.9218,88.9230,88.9227,88.9221,88.9222,88.9223,88.9235,88.9214,88.9214,88.9218,88.9225,88.9227,88.9226,88.9219,88.9225,88.9222,88.9214,88.9221,88.9217,88.9218,88.9213,88.9214,88.9192,88.9188,88.9172,88.9172,88.9185,88.9195,88.9183,88.9172,88.9176,88.9175,88.9173,88.9179,88.9189,88.9184,88.9190,88.9197,88.9208,88.9222,88.9202,88.9211,88.9210,88.9211,88.9213,88.9219,88.9228,88.9235,88.9228,88.9222,88.9227,88.9235,88.9244,88.9254,88.9252,88.9258,88.9262,88.9269,88.9270,88.9278,88.9273,88.9260,88.9269,88.9274,88.9279,88.9288
nodraw5,,79.5745,81.3502,82.7114,83.6047,84.1440,84.6099,85.0105,85.3805,85.6628,85.9607,86.2029,86.3884,86.5957,86.7653,86.9187,87.0663,87.2129,87.3486,87.4416,87.5507,87.6378,87.7079,87.7834,87.8512,87.9300,87.9838,88.0409,88.0874,88.1511,88.2008,88.2440,88.2912,88.3321,88.3802,88.4082,88.4434,88.4761,88.5102,88.5425,88.5880,88.6240,88.6474,88.6842,88.7022,88.7187,88.7223,88.7446,88.7667,88.7772,88.7948,88.8165,88.8370,88.8506,88.8637,88.8719,88.8903,88.8937,88.9043,88.9181,88.9274,88.9316,88.9264,88.9307,88.9362,88.9319,88.9419,88.9477,88.9540,88.9616,88.9521,88.9551,88.9605,88.9678,88.9638,88.9645,88.9687,88.9655,88.9691,88.9447,88.9358,88.9210,88.9154,88.9168,88.9163,88.9227,88.9253,88.9221,88.9230,88.9062,88.9002,88.8988,88.8951,88.8906,88.8857,88.8871,88.8806,88.8778,88.8717,88.8709,88.8633,88.8598,88.8551,88.8488,88.8419,88.8397,88.8363,88.8334,88.8248,88.8227,88.8207,88.8191,88.8199,88.8181,88.8098,88.8094,88.8059,88.8089,88.8087,88.8105,88.8106,88.8078,88.8090,88.8035,88.8013,88.7961,88.7941,88.7938,88.7941,88.7926,88.7885,88.7877,88.7787,88.7767,88.7725,88.7723,88.7714,88.7670,88.7589,88.7563,88.7563,88.7561,88.7552,88.7528,88.7503,88.7447,88.7426,88.7449,88.7410,88.7389,88.7394,88.7384,88.7399,88.7401,88.7422,88.7446,88.7461,88.7463,88.7470,88.7482,88.7512,88.7519,88.7532,88.7533,88.7549,88.7551,88.7564,88.7584,88.7583,88.7596,88.7624,88.7667,88.7686,88.7698,88.7703,88.7686,88.7676,88.7683,88.7686,88.7692,88.7686,88.7660,88.7662,88.7680,88.7663,88.7647,88.7695,88.7719,88.7697,88.7721,88.7744,88.7743,88.7777,88.7785,88.7798,88.7824,88.7850,88.7859,88.7822,88.7828,88.7832,88.7837,88.7830,88.7838,88.7851,88.7871,88.7873,88.7869,88.7867,88.7859,88.7829,88.7817,88.7799,88.7800,88.7817,88.7800,88.7807,88.7819,88.7814,88.7787,88.7769,88.7741,88.7726,88.7720,88.7717,88.7691,88.7695,88.7692,88.7678,88.7658,88.7648,88.7617,88.7623,88.7623,88.7619,88.7613,88.7588,88.7592,88.7587,88.7583,88.7583,88.7565,88.7560,88.7551,88.7586,88.7588,88.7597,88.7618,88.7624,88.7633,88.7639,88.7670,88.7678,88.7661,88.7684,88.7671,88.7666,88.7673,88.7692,88.7687,88.7669,88.7659,88.7646,88.7660,88.7681,88.7656,88.7661,88.7661,88.7675,88.7690,88.7697,88.7715,88.7733,88.7758,88.7774,88.7781,88.7783,88.7787,88.7793,88.7772,88.7780,88.7780,88.7756,88.7748,88.7752,88.7765,88.7766,88.7764,88.7788,88.7778,88.7759,88.7759,88.7756,88.7771,88.7780,88.7791,88.7797,88.7807,88.7814,88.7828,88.7824,88.7820,88.7828,88.7839,88.7851,88.7850,88.7852,88.7859,88.7863,88.7860,88.7864,88.7883,88.7879,88.7861,88.7863,88.7850,88.7795,88.7799,88.7814,88.7803,88.7814,88.7813,88.7821,88.7832,88.7830,88.7827,88.7842,88.7834,88.7845,88.7851,88.7833,88.7830,88.7826,88.7826,88.7806,88.7789,88.7789,88.7776,88.7765,88.7769,88.7767,88.7750,88.7755,88.7753,88.7762,88.7752,88.7762,88.7760,88.7755,88.7753,88.7753,88.7759,88.7766,88.7780,88.7768,88.7758,88.7765,88.7761,88.7741,88.7731,88.7724,88.7731,88.7726,88.7722,88.7721,88.7705,88.7693,88.7688,88.7670,88.7678,88.7664,88.7658,88.7634,88.7636,88.7634,88.7627,88.7628,88.7634,88.7639,88.7632,88.7624,88.7631,88.7638,88.7643,88.7648,88.7653,88.7657,88.7679,88.7687,88.7695,88.7711,88.7691,88.7695,88.7682,88.7669,88.7670,88.7668,88.7666,88.7669,88.7678,88.7682,88.7692,88.7705,88.7714,88.7715,88.7710,88.7689,88.7696,88.7685,88.7680,88.7675,88.7682,88.7692,88.7697,88.7699,88.7686,88.7688,88.7683,88.7677,88.7687,88.7695,88.7702,88.7695,88.7693,88.7679,88.7693,88.7685,88.7693,88.7698,88.7697,88.7704,88.7711,88.7702,88.7713,88.7684,88.7690,88.7694,88.7690,88.7693,88.7693,88.7699,88.7694,88.7686,88.7687,88.7688,88.7683,88.7689,88.7673,88.7678,88.7674,88.7678,88.7672,88.7678,88.7681,88.7686,88.7629,88.7642,88.7641,88.7641,88.7644,88.7636,88.7626,88.7625,88.7631,88.7626,88.7629,88.7628,88.7611,88.7604,88.7595,88.7592,88.7602,88.7593,88.7573,88.7560,88.7560,88.7578,88.7570,88.7569,88.7570,88.7566,88.7572,88.7566,88.7553,88.7558,88.7557,88.7563,88.7568,88.7569,88.7570,88.7561,88.7559,88.7563,88.7570,88.7559,88.7556,88.7560,88.7571,88.7576,88.7579,88.7591
nodraw6,,78.5106,80.3928,81.5985,82.3609,82.9656,83.4752,83.8812,84.2267,84.5699,84.8805,85.1510,85.4064,85.6402,85.8744,86.0786,86.2715,86.4138,86.5385,86.6802,86.8101,86.9379,87.0198,87.1031,87.2211,87.2969,87.3851,87.4553,87.5281,87.5913,87.6481,87.7060,87.7593,87.8222,87.8757,87.9079,87.9337,87.9745,87.9998,88.0465,88.0749,88.1055,88.1085,88.1544,88.1911,88.2295,88.2573,88.2926,88.3245,88.3480,88.3791,88.3925,88.4106,88.4263,88.4355,88.4487,88.4610,88.4730,88.4965,88.5048,88.5284,88.5273,88.5281,88.5395,88.5498,88.5361,88.5305,88.5358,88.5494,88.5595,88.5677,88.5752,88.5754,88.5828,88.5852,88.5829,88.5899,88.5935,88.6002,88.5974,88.5978,88.6022,88.5869,88.5694,88.5796,88.5886,88.5965,88.5974,88.5977,88.5927,88.5910,88.5959,88.5971,88.5958,88.5994,88.5973,88.5874,88.5845,88.5823,88.5835,88.5879,88.5907,88.5955,88.5880,88.5907,88.5911,88.5942,88.5980,88.5961,88.5937,88.5996,88.5882,88.5898,88.5910,88.5902,88.5829,88.5822,88.5722,88.5581,88.5578,88.5551,88.5523,88.5544,88.5524,88.5571,88.5609,88.5661,88.5704,88.5707,88.5534,88.5586,88.5555,88.5584,88.5592,88.5650,88.5694,88.5736,88.5767,88.5743,88.5779,88.5749,88.5748,88.5756,88.5713,88.5676,88.5662,88.5629,88.5583,88.5492,88.5467,88.5439,88.5461,88.5447,88.5496,88.5491,88.5538,88.5575,88.5590,88.5589,88.5609,88.5645,88.5646,88.5587,88.5525,88.5530,88.5529,88.5557,88.5499,88.5475,88.5485,88.5480,88.5500,88.5517,88.5486,88.5493,88.5456,88.5418,88.5382,88.5347,88.5319,88.5340,88.5338,88.5305,88.5311,88.5303,88.5308,88.5325,88.5286,88.5278,88.5271,88.5262,88.5235,88.5208,88.5177,88.5187,88.5190,88.5186,88.5154,88.5145,88.5036,88.5018,88.4981,88.4998,88.5002,88.5008,88.4974,88.4970,88.4996,88.4988,88.4969,88.4964,88.4962,88.4980,88.4982,88.4976,88.4991,88.4993,88.4994,88.4961,88.4924,88.4933,88.4898,88.4924,88.4888,88.4894,88.4922,88.4941,88.4946,88.4836,88.4837,88.4817,88.4819,88.4811,88.4838,88.4832,88.4829,88.4845,88.4849,88.4862,88.4850,88.4834,88.4829,88.4832,88.4846,88.4865,88.4875,88.4850,88.4861,88.4832,88.4820,88.4809,88.4812,88.4817,88.4797,88.4774,88.4759,88.4702,88.4692,88.4686,88.4687,88.4666,88.4672,88.4677,88.4661,88.4665,88.4658,88.4650,88.4679,88.4691,88.4690,88.4694,88.4701,88.4712,88.4726,88.4701,88.4710,88.4717,88.4721,88.4699,88.4703,88.4717,88.4713,88.4743,88.4731,88.4751,88.4769,88.4783,88.4789,88.4806,88.4822,88.4824,88.4834,88.4815,88.4834,88.4856,88.4853,88.4855,88.4860,88.4847,88.4858,88.4858,88.4844,88.4865,88.4871,88.4868,88.4843,88.4854,88.4847,88.4765,88.4741,88.4714,88.4715,88.4692,88.4680,88.4683,88.4659,88.4643,88.4643,88.4641,88.4629,88.4631,88.4629,88.4640,88.4655,88.4666,88.4679,88.4678,88.4688,88.4673,88.4683,88.4679,88.4685,88.4677,88.4681,88.4694,88.4617,88.4616,88.4617,88.4612,88.4638,88.4626,88.4626,88.4609,88.4587,88.4566,88.4572,88.4585,88.4571,88.4577,88.4579,88.4581,88.4589,88.4597,88.4589,88.4596,88.4600,88.4619,88.4612,88.4609,88.4590,88.4576,88.4561,88.4567,88.4565,88.4555,88.4554,88.4567,88.4557,88.4557,88.4560,88.4571,88.4589,88.4597,88.4600,88.4613,88.4623,88.4626,88.4621,88.4611,88.4602,88.4599,88.4611,88.4619,88.4614,88.4592,88.4563,88.4564,88.4566,88.4561,88.4578,88.4579,88.4588,88.4582,88.4584,88.4586,88.4598,88.4584,88.4594,88.4578,88.4587,88.4563,88.4564,88.4560,88.4544,88.4553,88.4552,88.4552,88.4543,88.4528,88.4507,88.4486,88.4489,88.4482,88.4478,88.4446,88.4453,88.4436,88.4430,88.4425,88.4393,88.4394,88.4393,88.4384,88.4389,88.4389,88.4377,88.4370,88.4341,88.4345,88.4340,88.4322,88.4326,88.4325,88.4338,88.4346,88.4328,88.4332,88.4339,88.4351,88.4356,88.4367,88.4369,88.4360,88.4384,88.4398,88.4404,88.4407,88.4422,88.4424,88.4427,88.4408,88.4390,88.4394,88.4406,88.4400,88.4384,88.4391,88.4400,88.4408,88.4404,88.4400,88.4415,88.4421,88.4419,88.4417,88.4405,88.4411,88.4377,88.4394,88.4406,88.4421,88.4410,88.4421,88.4422,88.4415,88.4408,88.4403,88.4410,88.4405,88.4398,88.4402,88.4412,88.4418,88.4411,88.4414,88.4410,88.4412,88.4415,88.4409,88.4412,88.4419,88.4415,88.4390,88.4395,88.4402,88.4404,88.4412,88.4419,88.4418,88.4421,88.4414
nodraw7,,79.4435,81.1866,82.2859,83.2324,83.9771,84.5445,84.9661,85.3314,85.6719,85.9214,86.1806,86.4321,86.5932,86.7816,86.9482,87.1205,87.2600,87.4132,87.5424,87.6817,87.7882,87.8709,87.9713,88.0442,88.1159,88.1852,88.2397,88.2926,88.3391,88.3966,88.4288,88.4631,88.4824,88.5280,88.5653,88.5897,88.6226,88.6670,88.6965,88.7230,88.7525,88.7670,88.7839,88.8000,88.8191,88.8504,88.8731,88.8946,88.9054,88.9224,88.9439,88.9636,88.9751,88.9825,88.9918,88.9932,88.9999,89.0062,89.0075,89.0090,89.0164,89.0328,89.0323,89.0359,89.0371,89.0393,89.0490,89.0534,89.0484,89.0554,89.0597,89.0576,89.0474,89.0490,89.0468,89.0529,89.0571,89.0623,89.0679,89.0694,89.0754,89.0769,89.0768,89.0842,89.0856,89.0759,89.0793,89.0792,89.0756,89.0778,89.0860,89.0810,89.0895,89.0904,89.0914,89.0906,89.0835,89.0803,89.0807,89.0820,89.0684,89.0721,89.0744,89.0769,89.0726,89.0768,89.0665,89.0665,89.0591,89.0551,89.0557,89.0564,89.0542,89.0493,89.0412,89.0337,89.0289,89.0158,89.0125,89.0031,89.0016,89.0002,88.9958,88.9937,88.9913,88.9836,88.9810,88.9795,88.9764,88.9792,88.9795,88.9804,88.9769,88.9749,88.9742,88.9713,88.9662,88.9646,88.9595,88.9612,88.9634,88.9612,88.9607,88.9567,88.9575,88.9560,88.9555,88.9574,88.9496,88.9420,88.9341,88.9326,88.9333,88.9303,88.9347,88.9330,88.9254,88.9252,88.9162,88.9167,88.9113,88.9101,88.9124,88.8996,88.9003,88.8979,88.8971,88.8930,88.8951,88.9002,88.9019,88.8992,88.9015,88.8978,88.8970,88.8894,88.8902,88.8915,88.8932,88.8901,88.8887,88.8873,88.8839,88.8840,88.8794,88.8780,88.8711,88.8690,88.8661,88.8634,88.8626,88.8583,88.8478,88.8394,88.8385,88.8373,88.8384,88.8399,88.8368,88.8330,88.8319,88.8259,88.8250,88.8250,88.8193,88.8171,88.8153,88.8162,88.8153,88.8135,88.8101,88.8107,88.8012,88.8005,88.8007,88.7963,88.7945,88.7898,88.7905,88.7928,88.7785,88.7728,88.7669,88.7646,88.7624,88.7602,88.7571,88.7568,88.7544,88.7519,88.7517,88.7516,88.7537,88.7534,88.7466,88.7491,88.7485,88.7492,88.7475,88.7464,88.7459,88.7448,88.7435,88.7408,88.7392,88.7343,88.7335,88.7323,88.7337,88.7383,88.7408,88.7382,88.7404,88.7420,88.7393,88.7354,88.7322,88.7280,88.7267,88.7241,88.7212,88.7180,88.7153,88.7155,88.7188,88.7211,88.7198,88.7163,88.7077,88.7079,88.7081,88.7059,88.7082,88.7063,88.7043,88.7063,88.7090,88.7070,88.7063,88.7057,88.7016,88.7016,88.6999,88.7015,88.6966,88.6934,88.6940,88.6945,88.6970,88.6959,88.6968,88.6973,88.6994,88.7018,88.6993,88.6991,88.7013,88.7010,88.7001,88.6998,88.7012,88.7011,88.6974,88.6980,88.6945,88.6937,88.6934,88.6931,88.6904,88.6919,88.6917,88.6938,88.6919,88.6931,88.6933,88.6931,88.6920,88.6911,88.6913,88.6901,88.6932,88.6903,88.6874,88.6879,88.6865,88.6807,88.6807,88.6799,88.6791,88.6776,88.6772,88.6758,88.6723,88.6696,88.6702,88.6702,88.6695,88.6675,88.6622,88.6619,88.6607,88.6602,88.6596,88.6605,88.6606,88.6580,88.6577,88.6545,88.6509,88.6520,88.6528,88.6547,88.6546,88.6540,88.6514,88.6511,88.6460,88.6481,88.6491,88.6517,88.6489,88.6481,88.6509,88.6511,88.6509,88.6511,88.6548,88.6571,88.6556,88.6536,88.6546,88.6548,88.6558,88.6546,88.6538,88.6533,88.6507,88.6415,88.6403,88.6399,88.6390,88.6376,88.6333,88.6309,88.6322,88.6283,88.6279,88.6285,88.6276,88.6248,88.6257,88.6257,88.6175,88.6158,88.6151,88.6147,88.6147,88.6149,88.6157,88.6134,88.6139,88.6149,88.6157,88.6174,88.6173,88.6183,88.6188,88.6187,88.6215,88.6232,88.6254,88.6225,88.6223,88.6217,88.6230,88.6239,88.6246,88.6266,88.6272,88.6270,88.6270,88.6272,88.6286,88.6299,88.6312,88.6311,88.6316,88.6314,88.6338,88.6339,88.6345,88.6369,88.6389,88.6393,88.6415,88.6419,88.6431,88.6441,88.6446,88.6438,88.6444,88.6449,88.6457,88.6450,88.6466,88.6476,88.6462,88.6469,88.6450,88.6463,88.6467,88.6460,88.6467,88.6457,88.6464,88.6470,88.6448,88.6450,88.6458,88.6471,88.6477,88.6477,88.6477,88.6483,88.6483,88.6500,88.6488,88.6498,88.6486,88.6498,88.6496,88.6506,88.6503,88.6507,88.6519,88.6509,88.6509,88.6494,88.6505,88.6504,88.6510,88.6534,88.6546,88.6542,88.6565,88.6570,88.6570,88.6573,88.6568,88.6557,88.6575,88.6583,88.6584,88.6598,88.6571,88.6582,88.6576,88.6580,88.6586,88.6567
nodraw8,,79.0016,80.9493,82.1877,83.0278,83.7152,84.3044,84.6949,85.0900,85.3992,85.6694,85.9322,86.1416,86.3389,86.5513,86.7278,86.8515,86.9799,87.1013,87.2142,87.2995,87.3868,87.4699,87.5571,87.6453,87.7218,87.7823,87.8645,87.9220,87.9903,88.0589,88.1189,88.1772,88.2245,88.2748,88.3227,88.3715,88.4208,88.4615,88.4943,88.5266,88.5621,88.6018,88.6187,88.6408,88.6663,88.6857,88.7049,88.7231,88.7478,88.7745,88.7902,88.7942,88.8148,88.8313,88.8409,88.8663,88.8805,88.8995,88.9051,88.9225,88.9279,88.9441,88.9484,88.9610,88.9692,88.9758,88.9772,88.9730,88.9734,88.9708,88.9721,88.9764,88.9855,88.9895,88.9944,88.9950,88.9967,88.9972,89.0006,88.9971,89.0010,89.0060,88.9999,88.9880,88.9832,88.9803,88.9779,88.9723,88.9680,88.9656,88.9581,88.9550,88.9485,88.9459,88.9438,88.9406,88.9370,88.9318,88.9258,88.9159,88.9148,88.9148,88.9079,88.9047,88.8989,88.8997,88.9045,88.9063,88.9114,88.9136,88.9160,88.9204,88.9201,88.9224,88.9212,88.9253,88.9262,88.9256,88.9243,88.9194,88.9048,88.8977,88.8940,88.8810,88.8762,88.8691,88.8674,88.8664,88.8640,88.8653,88.8658,88.8546,88.8510,88.8518,88.8477,88.8471,88.8419,88.8342,88.8341,88.8313,88.8291,88.8262,88.8255,88.8276,88.8257,88.8260,88.8294,88.8265,88.8278,88.8292,88.8244,88.8207,88.8176,88.8167,88.8125,88.8116,88.8098,88.8118,88.8096,88.8094,88.8099,88.8074,88.8020,88.7971,88.7972,88.7889,88.7869,88.7850,88.7813,88.7784,88.7770,88.7715,88.7668,88.7654,88.7577,88.7552,88.7565,88.7545,88.7569,88.7575,88.7548,88.7517,88.7469,88.7454,88.7415,88.7377,88.7317,88.7283,88.7280,88.7286,88.7242,88.7189,88.7136,88.7111,88.7061,88.7039,88.6908,88.6880,88.6865,88.6832,88.6794,88.6798,88.6749,88.6725,88.6702,88.6607,88.6575,88.6556,88.6521,88.6516,88.6505,88.6480,88.6357,88.6335,88.6314,88.6280,88.6297,88.6274,88.6236,88.6224,88.6204,88.6199,88.6124,88.6140,88.6106,88.6100,88.6102,88.6118,88.6113,88.6131,88.6121,88.6040,88.6045,88.6007,88.6053,88.6062,88.6076,88.6058,88.6066,88.6060,88.6031,88.6027,88.6045,88.6041,88.6030,88.6055,88.6041,88.6055,88.6043,88.6074,88.6066,88.6075,88.6097,88.6081,88.6029,88.6006,88.5983,88.5967,88.5959,88.5935,88.5902,88.5889,88.5889,88.5892,88.5898,88.5914,88.5872,88.5902,88.5901,88.5910,88.5879,88.5890,88.5895,88.5888,88.5890,88.5887,88.5890,88.5912,88.5915,88.5926,88.5942,88.5969,88.5979,88.5988,88.5992,88.5989,88.5985,88.5978,88.5966,88.5958,88.5966,88.5960,88.5979,88.5951,88.5936,88.5927,88.5936,88.5932,88.5937,88.5923,88.5933,88.5925,88.5916,88.5914,88.5910,88.5909,88.5915,88.5922,88.5918,88.5916,88.5917,88.5879,88.5859,88.5847,88.5851,88.5838,88.5845,88.5845,88.5831,88.5850,88.5840,88.5842,88.5847,88.5842,88.5846,88.5818,88.5811,88.5795,88.5815,88.5828,88.5838,88.5835,88.5835,88.5835,88.5833,88.5841,88.5852,88.5848,88.5846,88.5858,88.5873,88.5884,88.5878,88.5885,88.5907,88.5909,88.5876,88.5821,88.5814,88.5836,88.5852,88.5858,88.5870,88.5893,88.5902,88.5912,88.5927,88.5941,88.5947,88.5947,88.5937,88.5912,88.5917,88.5902,88.5904,88.5901,88.5905,88.5903,88.5898,88.5912,88.5923,88.5926,88.5933,88.5938,88.5941,88.5946,88.5913,88.5886,88.5886,88.5886,88.5896,88.5908,88.5906,88.5857,88.5864,88.5872,88.5859,88.5847,88.5854,88.5859,88.5867,88.5884,88.5888,88.5876,88.5874,88.5886,88.5896,88.5895,88.5898,88.5890,88.5887,88.5888,88.5894,88.5895,88.5907,88.5901,88.5892,88.5901,88.5894,88.5885,88.5884,88.5875,88.5867,88.5856,88.5851,88.5842,88.5838,88.5838,88.5833,88.5828,88.5840,88.5834,88.5819,88.5804,88.5786,88.5791,88.5787,88.5777,88.5781,88.5775,88.5783,88.5785,88.5777,88.5770,88.5779,88.5788,88.5790,88.5779,88.5788,88.5777,88.5794,88.5797,88.5784,88.5783,88.5782,88.5790,88.5793,88.5792,88.5797,88.5803,88.5805,88.5808,88.5816,88.5818,88.5815,88.5820,88.5817,88.5806,88.5812,88.5803,88.5798,88.5791,88.5779,88.5776,88.5744,88.5736,88.5725,88.5718,88.5712,88.5713,88.5718,88.5723,88.5721,88.5731,88.5744,88.5745,88.5747,88.5741,88.5733,88.5734,88.5733,88.5727,88.5699,88.5681,88.5685,88.5683,88.5673,88.5655,88.5666,88.5646,88.5647,88.5645,88.5642,88.5646,88.5650,88.5654,88.5655,88.5656,88.5656,88.5662
nodraw9,,79.2635,81.1375,82.1877,83.0278,83.6792,84.2253,84.5686,84.9877,85.3046,85.6187,85.8845,86.1634,86.4145,86.5993,86.7998,86.9814,87.1137,87.2350,87.3546,87.4648,87.5793,87.6819,87.7798,87.8648,87.9424,88.0159,88.0930,88.1699,88.2499,88.3066,88.3417,88.3925,88.4075,88.4447,88.4784,88.5011,88.5270,88.5757,88.6025,88.5577,88.5849,88.6248,88.6134,88.6286,88.6419,88.6451,88.6593,88.6542,88.5978,88.5863,88.6011,88.6126,88.6317,88.6504,88.6672,88.6775,88.6872,88.6822,88.6959,88.6582,88.6155,88.6284,88.6286,88.6357,88.5935,88.5786,88.5734,88.5718,88.5588,88.5502,88.5443,88.5543,88.5505,88.5593,88.5355,88.5533,88.5668,88.5564,88.5535,88.5311,88.5133,88.5272,88.5347,88.5249,88.5110,88.5106,88.5059,88.5090,88.5114,88.5261,88.5173,88.5315,88.5307,88.5253,88.5191,88.5256,88.5329,88.5369,88.5473,88.5394,88.5422,88.5286,88.5253,88.5146,88.5097,88.5017,88.4868,88.4896,88.4796,88.4694,88.4657,88.4688,88.4652,88.4604,88.4573,88.4596,88.4565,88.4582,88.4489,88.4340,88.4360,88.4346,88.4224,88.4043,88.4001,88.4007,88.3904,88.3851,88.3815,88.3521,88.3463,88.3384,88.3222,88.3097,88.2923,88.2975,88.2925,88.2855,88.2877,88.2841,88.2828,88.2742,88.2780,88.2679,88.2664,88.2530,88.2540,88.2605,88.2585,88.2620,88.2411,88.2341,88.2220,88.2199,88.2226,88.2270,88.2215,88.2034,88.2064,88.2001,88.1851,88.1863,88.1846,88.1838,88.1884,88.1827,88.1767,88.1783,88.1791,88.1764,88.1815,88.1577,88.1552,88.1596,88.1628,88.1677,88.1705,88.1689,88.1625,88.1569,88.1450,88.1381,88.1388,88.1379,88.1387,88.1383,88.1309,88.1332,88.1269,88.1205,88.1137,88.1139,88.1084,88.1096,88.1048,88.0959,88.0929,88.0904,88.0928,88.0912,88.0935,88.0921,88.0974,88.1025,88.1051,88.1023,88.1071,88.1128,88.1126,88.1170,88.1188,88.1212,88.1247,88.1256,88.1286,88.1286,88.1275,88.1320,88.1339,88.1319,88.1373,88.1330,88.1327,88.1289,88.1223,88.1223,88.1230,88.1259,88.1229,88.1193,88.1171,88.1140,88.1126,88.1125,88.1141,88.1174,88.1209,88.1129,88.1153,88.1068,88.1083,88.1102,88.1129,88.1101,88.0999,88.1012,88.0963,88.0875,88.0837,88.0794,88.0785,88.0777,88.0782,88.0809,88.0825,88.0807,88.0797,88.0797,88.0819,88.0803,88.0831,88.0789,88.0745,88.0726,88.0692,88.0658,88.0698,88.0729,88.0722,88.0768,88.0733,88.0714,88.0716,88.0732,88.0756,88.0750,88.0755,88.0768,88.0706,88.0728,88.0753,88.0762,88.0679,88.0686,88.0692,88.0651,88.0637,88.0618,88.0556,88.0504,88.0524,88.0516,88.0529,88.0509,88.0523,88.0512,88.0514,88.0516,88.0544,88.0547,88.0531,88.0506,88.0508,88.0427,88.0441,88.0411,88.0371,88.0341,88.0338,88.0344,88.0365,88.0354,88.0343,88.0259,88.0265,88.0281,88.0272,88.0217,88.0186,88.0147,88.0143,88.0120,88.0110,88.0093,88.0111,88.0103,88.0130,88.0088,88.0086,88.0031,88.0025,88.0026,88.0033,88.0037,88.0025,88.0068,88.0079,88.0086,88.0039,88.0028,88.0026,88.0004,87.9995,87.9985,88.0015,88.0038,88.0045,88.0024,88.0046,88.0036,88.0063,88.0083,88.0073,88.0100,88.0124,88.0129,88.0112,88.0084,88.0073,88.0053,88.0033,88.0070,88.0007,88.0026,88.0030,88.0041,88.0059,88.0078,88.0118,88.0142,88.0121,88.0091,88.0099,88.0112,88.0102,88.0058,88.0048,88.0045,88.0073,88.0080,88.0012,87.9980,87.9899,87.9916,87.9906,87.9859,87.9860,87.9829,87.9796,87.9776,87.9787,87.9802,87.9806,87.9822,87.9852,87.9802,87.9811,87.9832,87.9850,87.9843,87.9778,87.9756,87.9754,87.9742,87.9716,87.9714,87.9688,87.9674,87.9688,87.9677,87.9617,87.9635,87.9646,87.9684,87.9704,87.9728,87.9755,87.9741,87.9719,87.9675,87.9646,87.9662,87.9650,87.9603,87.9617,87.9619,87.9536,87.9553,87.9522,87.9529,87.9534,87.9525,87.9531,87.9546,87.9557,87.9565,87.9538,87.9557,87.9564,87.9571,87.9570,87.9584,87.9539,87.9456,87.9440,87.9459,87.9436,87.9458,87.9482,87.9490,87.9498,87.9519,87.9514,87.9465,87.9468,87.9481,87.9496,87.9526,87.9517,87.9493,87.9502,87.9494,87.9468,87.9486,87.9500,87.9513,87.9529,87.9528,87.9520,87.9502,87.9488,87.9500,87.9503,87.9484,87.9491,87.9509,87.9507,87.9497,87.9447,87.9424,87.9377,87.9354,87.9327,87.9338,87.9341,87.9315,87.9306,87.9287,87.9263,87.9190,87.9172,87.9140,87.9120,87.9118,87.9091,87.9028,87.8997,87.8998,87.9018,87.9019
